dates,prices
2016-05-23,30.37
2016-05-24,30.26
2016-05-25,30.4
2016-05-26,30.64
2016-05-27,30.935
2016-05-31,30.96
2016-06-01,31.3
2016-06-02,31.365
2016-06-03,31.57
2016-06-06,32.205
2016-06-07,32.32
2016-06-08,32.55
2016-06-09,32.325
2016-06-10,31.955
2016-06-13,31.8
2016-06-14,31.69
2016-06-15,31.92
2016-06-16,31.495
2016-06-17,31.385
2016-06-20,31.39
2016-06-21,31.415
2016-06-22,31.66
2016-06-23,31.81
2016-06-24,33.025
2016-06-27,33.315
2016-06-28,33.885
2016-06-29,34.385
2016-06-30,35.27
2016-07-01,35.685
2016-07-04,35.555
2016-07-05,35.705
2016-07-06,35.59
2016-07-07,35.88
2016-07-08,36.375
2016-07-11,36.85
2016-07-12,36.585
2016-07-13,36.52
2016-07-14,36.745
2016-07-15,36.895
2016-07-18,36.885
2016-07-19,37.165
2016-07-20,37.36
2016-07-21,37.185
2016-07-22,37.445
2016-07-25,37.24
2016-07-26,37.355
2016-07-27,37.455
2016-07-28,37.39
2016-07-29,37.16
2016-08-01,37.51
2016-08-02,36.81
2016-08-03,36.765
2016-08-04,37.73
2016-08-05,38.145
2016-08-08,38.66
2016-08-09,39.155
2016-08-10,38.92
2016-08-11,39.4
2016-08-12,39.555
2016-08-15,40.14
2016-08-16,39.505
2016-08-17,38.97
2016-08-18,39.14
2016-08-19,39.08
2016-08-22,38.44
2016-08-23,38.595
2016-08-24,37.995
2016-08-25,38.235
2016-08-26,38.69
2016-08-30,38.42
2016-08-31,38.06
2016-09-01,37.43
2016-09-02,38.165
2016-09-05,38.455
2016-09-06,38.425
2016-09-07,38.745
2016-09-08,38.955
2016-09-09,38.185
2016-09-12,37.55
2016-09-13,37.46
2016-09-14,37.61
2016-09-15,37.815
2016-09-16,37.855
2016-09-19,38.56
2016-09-20,38.73
2016-09-21,38.945
2016-09-22,38.825
2016-09-23,39.01
2016-09-26,38.355
2016-09-27,38.39
2016-09-28,38.625
2016-09-29,38.865
2016-09-30,38.645
2016-10-03,39.305
2016-10-04,39.82
2016-10-05,39.775
2016-10-06,40.055
2016-10-07,40.8
2016-10-10,41.34
2016-10-11,40.95
2016-10-12,40.975
2016-10-13,40.475
2016-10-14,40.965
2016-10-17,40.855
2016-10-18,41.04
2016-10-19,41.435
2016-10-20,41.505
2016-10-21,41.585
2016-10-24,41.9
2016-10-25,42.055
2016-10-26,41.555
2016-10-27,41.49
2016-10-28,41.535
2016-10-31,41.33
2016-11-01,40.86
2016-11-02,40.24
2016-11-03,39.695
2016-11-04,39.155
2016-11-07,40.495
2016-11-08,40.855
2016-11-09,39.64
2016-11-10,38.395
2016-11-11,36.91
2016-11-14,37.225
2016-11-15,38.105
2016-11-16,37.79
2016-11-17,38.055
2016-11-18,38.1
2016-11-21,37.975
2016-11-22,38.445
2016-11-23,38.08
2016-11-24,38.18
2016-11-25,38.31
2016-11-28,38.67
2016-11-29,38.43
2016-11-30,38.55
2016-12-01,38.13
2016-12-02,37.68
2016-12-05,37.73
2016-12-06,37.85
2016-12-07,38.565
2016-12-08,38.94
2016-12-09,38.95
2016-12-12,38.325
2016-12-13,38.62
2016-12-14,38.38
2016-12-15,38.34
2016-12-16,38.11
2016-12-19,38.13
2016-12-20,38.33
2016-12-21,38.255
2016-12-22,37.775
2016-12-23,38.025
2016-12-28,38.76
2016-12-29,39.32
2016-12-30,39.16
2017-01-03,39.48
2017-01-04,39.715
2017-01-05,39.645
2017-01-06,39.935
2017-01-09,40.46
2017-01-10,40.745
2017-01-11,40.72
2017-01-12,40.92
2017-01-13,40.92
2017-01-16,41.135
2017-01-17,40.29
2017-01-18,40.5
2017-01-19,40.195
2017-01-20,40.14
2017-01-23,40.125
2017-01-24,40.45
2017-01-25,40.515
2017-01-26,40.485
2017-01-27,40.585
2017-01-30,40.38
2017-01-31,40.26
2017-02-01,40.13
2017-02-02,40.645
2017-02-03,41.035
2017-02-06,41.165
2017-02-07,40.775
2017-02-08,40.89
2017-02-09,41.16
2017-02-10,41.54
2017-02-13,41.8
2017-02-14,41.76
2017-02-15,42.205
2017-02-16,42.135
2017-02-17,42.015
2017-02-20,42.23
2017-02-21,42.29
2017-02-22,42.41
2017-02-23,42.24
2017-02-24,41.97
2017-02-27,41.99
2017-02-28,41.835
2017-03-01,42.575
2017-03-02,42.275
2017-03-03,42.35
2017-03-06,42.565
2017-03-07,42.865
2017-03-08,42.775
2017-03-09,42.17
2017-03-10,42.47
2017-03-13,42.81
2017-03-14,42.935
2017-03-15,42.955
2017-03-16,43.58
2017-03-17,43.36
2017-03-20,43.995
2017-03-21,43.145
2017-03-22,43.155
2017-03-23,42.955
2017-03-24,43.145
2017-03-27,42.625
2017-03-28,43.11
2017-03-29,43.335
2017-03-30,43.095
2017-03-31,42.53
2017-04-03,42.83
2017-04-04,43.185
2017-04-05,43.22
2017-04-06,43.02
2017-04-07,43.25
2017-04-10,42.945
2017-04-11,42.48
2017-04-12,42.62
2017-04-13,42.915
2017-04-18,41.785
2017-04-19,41.405
2017-04-20,41.515
2017-04-21,41.675
2017-04-24,42.235
2017-04-25,42.36
2017-04-26,42.305
2017-04-27,41.745
2017-04-28,41.795
2017-05-02,42.285
2017-05-03,42.16
2017-05-04,41.705
2017-05-05,41.57
2017-05-08,41.71
2017-05-09,42.085
2017-05-10,42.315
2017-05-11,42.47
2017-05-12,42.83
2017-05-15,43.005
2017-05-16,43.11
2017-05-17,42.535
2017-05-18,41.35
2017-05-19,42.005
2017-05-22,42.085
2017-05-23,42.17
2017-05-24,42.5
2017-05-25,42.715
2017-05-26,43.365
2017-05-30,42.97
2017-05-31,42.45
2017-06-01,42.71
2017-06-02,43.01
2017-06-05,42.88
2017-06-06,42.985
2017-06-07,42.65
2017-06-08,42.815
2017-06-09,43.53
2017-06-12,43.335
2017-06-13,43.24
2017-06-14,43.295
2017-06-15,42.8
2017-06-16,42.68
2017-06-19,43.32
2017-06-20,43.385
2017-06-21,43.3
2017-06-22,43.095
2017-06-23,42.935
2017-06-26,43.315
2017-06-27,43.015
2017-06-28,42.485
2017-06-29,41.945
2017-06-30,42.115
2017-07-03,42.53
2017-07-04,42.39
2017-07-05,42.41
2017-07-06,42.055
2017-07-07,42.195
2017-07-10,42.655
2017-07-11,42.94
2017-07-12,43.62
2017-07-13,43.72
2017-07-14,43.64
2017-07-17,43.68
2017-07-18,43.87
2017-07-19,44.2
2017-07-20,44.36
2017-07-21,44.34
2017-07-24,44.195
2017-07-25,44.215
2017-07-26,44.15
2017-07-27,44.385
2017-07-28,43.995
2017-07-31,43.86
2017-08-01,43.99
2017-08-02,43.905
2017-08-03,44.2
2017-08-04,44.64
2017-08-07,44.975
2017-08-08,45.505
2017-08-09,44.76
2017-08-10,44.31
2017-08-11,44.12
2017-08-14,44.58
2017-08-15,44.77
2017-08-16,45.225
2017-08-17,45.08
2017-08-18,45.12
2017-08-21,45.07
2017-08-22,45.68
2017-08-23,45.96
2017-08-24,46.095
2017-08-25,46.195
2017-08-29,45.835
2017-08-30,45.895
2017-08-31,46.185
2017-09-01,46.18
2017-09-04,45.975
2017-09-05,45.755
2017-09-06,45.71
2017-09-07,45.88
2017-09-08,45.375
2017-09-11,45.865
2017-09-12,45.64
2017-09-13,45.445
2017-09-14,44.92
2017-09-15,44.33
2017-09-18,44.89
2017-09-19,44.7
2017-09-20,44.685
2017-09-21,44.045
2017-09-22,43.875
2017-09-25,43.285
2017-09-26,43.33
2017-09-27,43.085
2017-09-28,42.91
2017-09-29,43.5
2017-10-02,44.11
2017-10-03,44.77
2017-10-04,44.9
2017-10-05,45.63
2017-10-06,45.61
2017-10-09,45.105
2017-10-10,45.215
2017-10-11,45.365
2017-10-12,45.66
2017-10-13,45.63
2017-10-16,45.71
2017-10-17,45.69
2017-10-18,45.685
2017-10-19,45.2
2017-10-20,45.43
2017-10-23,45.155
2017-10-24,45.395
2017-10-25,44.73
2017-10-26,45.125
2017-10-27,45.4
2017-10-30,44.935
2017-10-31,44.86
2017-11-01,45.255
2017-11-02,45.83
2017-11-03,45.58
2017-11-06,45.75
2017-11-07,45.625
2017-11-08,45.785
2017-11-09,45.59
2017-11-10,45.085
2017-11-13,45.3
2017-11-14,45.06
2017-11-15,44.67
2017-11-16,45.135
2017-11-17,45.4
2017-11-20,45.465
2017-11-21,46.295
2017-11-22,45.995
2017-11-23,45.82
2017-11-24,45.835
2017-11-27,45.41
2017-11-28,45.975
2017-11-29,44.73
2017-11-30,44.225
2017-12-01,43.67
2017-12-04,44.18
2017-12-05,44.34
2017-12-06,43.535
2017-12-07,43.685
2017-12-08,44.185
2017-12-11,44.65
2017-12-12,44.325
2017-12-13,44.715
2017-12-14,44.54
2017-12-15,45.01
2017-12-18,45.17
2017-12-19,45.15
2017-12-20,45.1
2017-12-21,45.49
2017-12-22,45.53
2017-12-27,45.81
2017-12-28,45.845
2017-12-29,45.89
2018-01-02,46.29
2018-01-03,47.05
2018-01-04,47.345
2018-01-05,47.525
2018-01-08,47.535
2018-01-09,47.685
2018-01-10,47.4
2018-01-11,47.42
2018-01-12,47.65
2018-01-15,47.1
2018-01-16,47.545
2018-01-17,47.585
2018-01-18,47.485
2018-01-19,48.0
2018-01-22,48.055
2018-01-23,48.41
2018-01-24,47.84
2018-01-25,47.9
2018-01-26,48.57
2018-01-29,48.475
2018-01-30,47.33
2018-01-31,47.475
2018-02-01,46.985
2018-02-02,46.59
2018-02-05,46.6
2018-02-06,45.61
2018-02-07,46.34
2018-02-08,44.59
2018-02-09,44.33
2018-02-12,45.24
2018-02-13,45.3
2018-02-14,45.925
2018-02-15,46.55
2018-02-16,46.97
2018-02-19,46.78
2018-02-20,46.415
2018-02-21,47.225
2018-02-22,46.98
2018-02-23,47.07
2018-02-26,47.475
2018-02-27,46.98
2018-02-28,46.785
2018-03-01,47.04
2018-03-02,45.98
2018-03-05,46.34
2018-03-06,46.425
2018-03-07,46.295
2018-03-08,46.74
2018-03-09,47.23
2018-03-12,47.44
2018-03-13,46.94
2018-03-14,46.77
2018-03-15,46.82
2018-03-16,46.715
2018-03-19,45.75
2018-03-20,46.44
2018-03-21,46.225
2018-03-22,45.075
2018-03-23,44.33
2018-03-26,44.39
2018-03-27,45.03
2018-03-28,44.07
2018-03-29,44.89
2018-04-03,44.655
2018-04-04,44.25
2018-04-05,45.49
2018-04-06,44.37
2018-04-09,44.34
2018-04-10,44.525
2018-04-11,44.545
2018-04-12,44.575
2018-04-13,44.09
2018-04-16,43.63
2018-04-17,43.89
2018-04-18,44.45
2018-04-19,44.29
2018-04-20,44.2
2018-04-23,44.5
2018-04-24,44.46
2018-04-25,43.72
2018-04-26,44.115
2018-04-27,44.8
2018-04-30,45.1
2018-05-01,44.675
2018-05-02,45.0
2018-05-03,44.135
2018-05-04,44.85
2018-05-08,44.82
2018-05-09,44.785
2018-05-10,46.1
2018-05-11,45.905
2018-05-14,46.015
2018-05-15,45.22
2018-05-16,45.74
2018-05-17,45.285
2018-05-18,44.685
2018-05-21,45.125
2018-05-22,45.45
2018-05-23,45.115
2018-05-24,44.925
2018-05-25,45.43
2018-05-29,44.9
2018-05-30,44.76
2018-05-31,44.83
2018-06-01,45.2
2018-06-04,45.89
2018-06-05,45.475
2018-06-06,45.715
2018-06-07,45.415
2018-06-08,45.075
2018-06-11,45.32
2018-06-12,45.23
2018-06-13,45.275
2018-06-14,45.06
2018-06-15,44.385
2018-06-18,44.11
2018-06-19,44.035
2018-06-20,44.315
2018-06-21,43.23
2018-06-22,43.515
2018-06-25,42.66
2018-06-26,42.82
2018-06-27,42.655
2018-06-28,42.55
2018-06-29,43.275
2018-07-02,42.84
2018-07-03,43.24
2018-07-04,42.8
2018-07-05,42.78
2018-07-06,43.105
2018-07-09,43.8695
2018-07-10,43.68675
2018-07-11,43.235
2018-07-12,43.843
2018-07-13,43.905
2018-07-16,43.49975
2018-07-17,43.9285
2018-07-18,44.4
2018-07-19,44.076
2018-07-20,44.4365
2018-07-23,44.28
2018-07-24,44.89525
2018-07-25,45.08
2018-07-26,45.13025
2018-07-27,45.32
2018-07-30,45.06
2018-07-31,45.17
2018-08-01,45.06
2018-08-02,44.555
2018-08-03,45.14
2018-08-06,45.14
2018-08-07,45.69
2018-08-08,45.665
2018-08-09,45.765
2018-08-10,45.064
2018-08-13,44.46
2018-08-14,44.53
2018-08-15,43.307
2018-08-16,44.00975
2018-08-17,43.57625
2018-08-20,44.11175
2018-08-21,44.28675
2018-08-22,44.375
2018-08-23,44.329
2018-08-24,44.635
2018-08-28,45.159
2018-08-29,44.745
2018-08-30,43.739
2018-08-31,43.709
2018-09-03,44.0325
2018-09-04,43.54
2018-09-05,42.605
2018-09-06,42.4525
2018-09-07,42.67
2018-09-10,41.8875
2018-09-11,41.685
2018-09-12,42.21
2018-09-13,42.345
2018-09-14,42.66
2018-09-17,41.965
2018-09-18,42.28
2018-09-19,42.76
2018-09-20,42.6675
2018-09-21,43.71
2018-09-24,42.91
2018-09-25,42.9
2018-09-26,43.2
2018-09-27,42.925
2018-09-28,42.9825
2018-10-01,42.975
2018-10-02,42.6725
2018-10-03,42.665
2018-10-04,41.2875
2018-10-05,40.6
2018-10-08,40.73
2018-10-09,40.6
2018-10-10,39.65
2018-10-11,39.055
2018-10-12,40.105
2018-10-15,40.0
2018-10-16,40.5125
2018-10-17,40.4525
2018-10-18,39.8575
2018-10-19,40.12
2018-10-22,40.615
2018-10-23,39.775
2018-10-24,39.7225
2018-10-25,40.2725
2018-10-26,39.565
2018-10-29,39.64
2018-10-30,39.8725
2018-10-31,40.42
2018-11-01,40.955
2018-11-02,41.32
2018-11-05,41.28
2018-11-06,40.96
2018-11-07,41.36
2018-11-08,41.025
2018-11-09,40.2875
2018-11-12,40.155
2018-11-13,40.385
2018-11-14,40.355
2018-11-15,41.795
2018-11-16,41.7025
2018-11-19,41.51
2018-11-20,40.865
2018-11-21,41.7825
2018-11-22,41.01
2018-11-23,41.175
2018-11-26,41.4925
2018-11-27,41.74
2018-11-28,42.005
2018-11-29,42.56
2018-11-30,42.3
2018-12-03,43.36
2018-12-04,43.28
2018-12-05,42.6325
2018-12-06,41.185
2018-12-07,41.765
2018-12-10,41.085
2018-12-11,41.92
2018-12-12,42.4
2018-12-13,42.3
2018-12-14,42.24
2018-12-17,41.95
2018-12-18,41.5575
2018-12-19,41.76
2018-12-20,41.195
2018-12-21,41.215
2018-12-24,40.6
2018-12-27,40.7
2018-12-28,41.225
2018-12-31,41.3075
2019-01-02,41.58
2019-01-03,40.91
2019-01-04,41.715
2019-01-07,41.66
2019-01-08,41.855
2019-01-09,42.6275
2019-01-10,42.7125
2019-01-11,42.5
2019-01-14,41.9225
2019-01-15,42.67
2019-01-16,42.7825
2019-01-17,42.445
2019-01-18,43.1025
2019-01-21,42.8775
2019-01-22,42.3475
2019-01-23,42.0125
2019-01-24,42.5875
2019-01-25,42.665
2019-01-28,42.1475
2019-01-29,42.285
2019-01-30,42.6625
2019-01-31,43.46
2019-02-01,43.56
2019-02-04,43.6625
2019-02-05,44.4075
2019-02-06,44.15
2019-02-07,43.4275
2019-02-08,43.195
2019-02-11,43.6625
2019-02-12,43.885
2019-02-13,43.585
2019-02-14,43.55
2019-02-15,43.62
2019-02-18,43.45
2019-02-19,43.14
2019-02-20,43.69
2019-02-21,43.2825
2019-02-22,43.98
2019-02-25,44.48
2019-02-26,43.595
2019-02-27,43.025
2019-02-28,42.775
2019-03-01,43.0
2019-03-04,43.1325
2019-03-05,43.895
2019-03-06,43.8575
2019-03-07,42.985
2019-03-08,42.8
2019-03-11,43.365
2019-03-12,43.73
2019-03-13,43.23
2019-03-14,42.8875
2019-03-15,43.4375
2019-03-18,44.05
2019-03-19,44.1675
2019-03-20,43.875
2019-03-21,44.635
2019-03-22,43.1575
2019-03-25,43.255
2019-03-26,43.18
2019-03-27,42.89
2019-03-28,43.295
2019-03-29,44.1775
2019-04-01,44.41
2019-04-02,44.605
2019-04-03,44.7525
2019-04-04,44.95
2019-04-05,45.55
2019-04-08,45.5
2019-04-09,45.5
2019-04-10,45.4775
2019-04-11,45.0525
2019-04-12,45.245
2019-04-15,44.88
2019-04-16,45.44
2019-04-17,45.59
2019-04-18,45.78
2019-04-23,45.8725
2019-04-24,45.4775
2019-04-25,45.43
2019-04-26,45.72
2019-04-29,45.69
2019-04-30,45.1625
2019-05-01,45.325
2019-05-02,45.025
2019-05-03,45.085
2019-05-07,43.72
2019-05-08,43.99
2019-05-09,42.68
2019-05-10,42.86
2019-05-13,42.14
2019-05-14,42.9525
2019-05-15,43.17
2019-05-16,43.6375
2019-05-17,43.01
2019-05-20,42.605
2019-05-21,42.86
2019-05-22,43.2
2019-05-23,42.655
2019-05-24,42.5
2019-05-28,42.8025
2019-05-29,42.98
2019-05-30,43.6025
2019-05-31,43.7025
2019-06-03,44.095
2019-06-04,43.715
2019-06-05,43.3775
2019-06-06,43.3325
2019-06-07,43.775
2019-06-10,44.3625
2019-06-11,44.595
2019-06-12,44.165
2019-06-13,44.23
2019-06-14,44.18
2019-06-17,44.355
2019-06-18,45.33
2019-06-19,45.07
2019-06-20,45.7
2019-06-21,45.6475
2019-06-24,45.525
2019-06-25,45.2
2019-06-26,45.5625
2019-06-27,45.3575
2019-06-28,45.2775
2019-07-01,46.215
2019-07-02,46.3925
2019-07-03,46.265
2019-07-04,46.5625
2019-07-05,46.3225
2019-07-08,46.14
2019-07-09,46.1825
2019-07-10,46.45
2019-07-11,46.1575
2019-07-12,46.04
2019-07-15,46.515
2019-07-16,47.02
2019-07-17,46.7225
2019-07-18,46.45
2019-07-19,46.5725
2019-07-22,46.4175
2019-07-23,46.53
2019-07-24,46.38
2019-07-25,46.2825
2019-07-26,46.5525
2019-07-29,47.075
2019-07-30,47.045
2019-07-31,46.755
2019-08-01,46.95
2019-08-02,45.31
2019-08-05,43.875
2019-08-06,44.035
2019-08-07,44.11
2019-08-08,45.0125
2019-08-09,44.69
2019-08-12,44.425
2019-08-13,45.02
2019-08-14,43.915
2019-08-15,43.765
2019-08-16,44.255
2019-08-19,44.6525
2019-08-20,44.57
2019-08-21,44.7975
2019-08-22,44.0075
2019-08-23,43.5775
2019-08-27,43.555
2019-08-28,43.8075
2019-08-29,44.43
2019-08-30,44.6275
2019-09-02,45.1225
2019-09-03,44.8725
2019-09-04,45.2125
2019-09-05,45.16
2019-09-06,45.54
2019-09-09,45.305
2019-09-10,45.1725
2019-09-11,45.6775
2019-09-12,46.04
2019-09-13,45.9275
2019-09-16,45.91
2019-09-17,45.405
2019-09-18,45.325
2019-09-19,45.3175
2019-09-20,45.2875
2019-09-23,45.42
2019-09-24,44.94
2019-09-25,45.02
2019-09-26,44.6375
2019-09-27,45.035
2019-09-30,44.7225
2019-10-01,44.575
2019-10-02,43.96
2019-10-03,43.92
2019-10-04,44.5675
2019-10-07,44.495
2019-10-08,44.5
2019-10-09,44.62
2019-10-10,44.8175
2019-10-11,44.355
2019-10-14,44.3725
2019-10-15,44.0975
2019-10-16,43.825
2019-10-17,43.995
2019-10-18,43.9025
2019-10-21,43.4725
2019-10-22,43.8275
2019-10-23,43.91
2019-10-24,44.335
2019-10-25,44.4375
2019-10-28,44.6875
2019-10-29,44.4
2019-10-30,44.36
2019-10-31,43.9975
2019-11-01,44.625
2019-11-04,45.2375
2019-11-05,45.4975
2019-11-06,45.52
2019-11-07,45.955
2019-11-08,45.6875
2019-11-11,45.0
2019-11-12,44.97
2019-11-13,44.46
2019-11-14,44.35
2019-11-15,44.68
2019-11-18,44.4475
2019-11-19,44.61
2019-11-20,44.73
2019-11-21,44.42
2019-11-22,44.835
2019-11-25,44.95
2019-11-26,44.825
2019-11-27,44.85
2019-11-28,44.8325
2019-11-29,44.36
2019-12-02,44.225
2019-12-03,43.7425
2019-12-04,43.9
2019-12-05,43.935
2019-12-06,44.21
2019-12-09,44.11
2019-12-10,43.99
2019-12-11,44.365
2019-12-12,45.09
2019-12-13,44.505
2019-12-16,45.0325
2019-12-17,45.895
2019-12-18,46.36
2019-12-19,46.6575
2019-12-20,46.6325
2019-12-23,47.15
2019-12-24,47.115
2019-12-27,47.0075
2019-12-30,46.7775
2019-12-31,46.375
2020-01-02,47.33
2020-01-03,47.23
2020-01-06,46.5825
2020-01-07,46.8
2020-01-08,46.9
2020-01-09,47.4725
2020-01-10,47.74
2020-01-13,48.3825
2020-01-14,48.15
2020-01-15,47.9275
2020-01-16,47.915
2020-01-17,48.19
2020-01-20,48.15
2020-01-21,47.26
2020-01-22,47.05
2020-01-23,46.29
2020-01-24,46.745
2020-01-27,44.76
2020-01-28,45.5675
2020-01-29,45.795
2020-01-30,44.525
2020-01-31,43.62
2020-02-03,44.77
2020-02-04,46.045
2020-02-05,46.26
2020-02-06,46.48
2020-02-07,45.91
2020-02-10,45.88
2020-02-11,46.5525
2020-02-12,46.855
2020-02-13,46.25
2020-02-14,46.265
2020-02-17,46.57
2020-02-18,45.8875
2020-02-19,46.68
2020-02-20,46.26
2020-02-21,45.8575
2020-02-24,44.245
2020-02-25,43.91
2020-02-26,44.57
2020-02-27,43.5475
2020-02-28,42.335
2020-03-02,43.34
2020-03-03,43.99
2020-03-04,44.0475
2020-03-05,43.615
2020-03-06,41.695
2020-03-09,38.64
2020-03-10,39.745
2020-03-11,39.9525
2020-03-12,35.845
2020-03-13,38.335
2020-03-16,36.5425
2020-03-17,37.675
2020-03-18,36.19
2020-03-19,36.1175
2020-03-20,37.0525
2020-03-23,36.2425
2020-03-24,37.95
2020-03-25,38.795
2020-03-26,38.9275
2020-03-27,36.2575
2020-03-30,36.545
2020-03-31,37.3575
2020-04-01,36.185
2020-04-02,36.7625
2020-04-03,36.73
2020-04-06,38.1525
2020-04-07,38.8875
2020-04-08,38.46
2020-04-09,38.95
2020-04-14,38.9075
2020-04-15,38.17
2020-04-16,38.8025
2020-04-17,38.925
2020-04-20,39.265
2020-04-21,38.43
2020-04-22,39.295
2020-04-23,39.425
2020-04-24,38.6875
2020-04-27,39.365
2020-04-28,39.5025
2020-04-29,40.3175
2020-04-30,39.695
2020-05-01,38.3125
2020-05-04,38.5975
2020-05-05,39.2075
2020-05-06,39.2675
2020-05-07,39.53
2020-05-11,40.19
2020-05-12,40.7575
2020-05-13,40.4725
2020-05-14,40.025
2020-05-15,40.1
2020-05-18,41.24
2020-05-19,41.385
2020-05-20,41.62
2020-05-21,40.9875
2020-05-22,40.5
2020-05-26,41.0875
2020-05-27,41.0425
2020-05-28,41.09
2020-05-29,40.8675
2020-06-01,41.5025
2020-06-02,42.3525
2020-06-03,43.1975
2020-06-04,42.7225
2020-06-05,43.6
2020-06-08,43.2825
2020-06-09,43.155
2020-06-10,43.1925
2020-06-11,42.1675
2020-06-12,42.38
2020-06-15,41.99
2020-06-16,42.6675
2020-06-17,43.095
2020-06-18,43.5725
2020-06-19,44.045
2020-06-22,43.9025
2020-06-23,44.3175
2020-06-24,43.7325
2020-06-25,43.84
2020-06-26,43.75
2020-06-29,44.08
2020-06-30,43.7075
2020-07-01,43.72
2020-07-02,44.7975
2020-07-03,45.2475
2020-07-06,46.6925
2020-07-07,46.15
2020-07-08,46.475
2020-07-09,46.63
2020-07-10,46.4075
2020-07-13,47.17
2020-07-14,46.25
2020-07-15,46.385
2020-07-16,45.63
2020-07-17,46.185
2020-07-20,46.305
2020-07-21,46.7625
2020-07-22,46.3275
2020-07-23,46.445
2020-07-24,45.62
2020-07-27,45.805
2020-07-28,45.615
2020-07-29,45.8
2020-07-30,44.94
2020-07-31,44.55
2020-08-03,45.2
2020-08-04,45.3775
2020-08-05,45.9075
2020-08-06,45.54
2020-08-07,45.3175
2020-08-10,44.895
2020-08-11,45.305
2020-08-12,45.635
2020-08-13,45.395
2020-08-14,45.31
2020-08-17,45.735
2020-08-18,45.405
2020-08-19,45.405
2020-08-20,44.7425
2020-08-21,45.55
2020-08-24,46.0875
2020-08-25,46.315
2020-08-26,46.2725
2020-08-27,45.94
2020-08-28,45.97
2020-09-01,45.47
2020-09-02,45.78
2020-09-03,45.125
2020-09-04,44.965
2020-09-07,45.315
2020-09-08,45.3575
2020-09-09,45.7125
2020-09-10,46.3125
2020-09-11,46.565
2020-09-14,46.6675
2020-09-15,47.325
2020-09-16,46.9975
2020-09-17,46.655
2020-09-18,46.6475
2020-09-21,45.9275
2020-09-22,46.1375
2020-09-23,45.935
2020-09-24,44.91
2020-09-25,44.775
2020-09-28,44.99
2020-09-29,44.955
2020-09-30,45.39
2020-10-01,45.8375
2020-10-02,45.6125
2020-10-05,45.58
2020-10-06,46.09
2020-10-07,46.485
2020-10-08,46.625
2020-10-09,46.895
2020-10-12,47.08
2020-10-13,47.16
2020-10-14,47.1325
2020-10-15,46.645
2020-10-16,47.0025
2020-10-19,46.9475
2020-10-20,47.215
2020-10-21,46.745
2020-10-22,46.93
2020-10-23,46.9375
2020-10-26,46.82
2020-10-27,46.8625
2020-10-28,46.18
2020-10-29,46.495
2020-10-30,46.04
2020-11-02,46.6325
2020-11-03,46.2875
2020-11-04,47.92
2020-11-05,48.28
2020-11-06,48.1675
2020-11-09,49.43
2020-11-10,47.98
2020-11-11,48.1325
2020-11-12,48.73
2020-11-13,48.405
2020-11-16,49.1675
2020-11-17,48.68
2020-11-18,48.835
2020-11-19,48.825
2020-11-20,48.98
2020-11-23,49.025
2020-11-24,49.21
2020-11-25,48.92
2020-11-26,49.3525
2020-11-27,49.685
2020-11-30,48.4875
2020-12-01,49.09
2020-12-02,49.38
2020-12-03,49.4875
2020-12-04,49.7375
2020-12-07,50.3375
2020-12-08,50.35
2020-12-09,49.9425
2020-12-10,50.65
2020-12-11,50.7025
2020-12-14,50.115
2020-12-15,49.81
2020-12-16,50.05
2020-12-17,49.985
2020-12-18,50.445
2020-12-21,50.26
2020-12-22,49.9375
2020-12-23,49.755
2020-12-24,49.275
2020-12-29,50.01
2020-12-30,50.4325
2020-12-31,50.435
2021-01-04,50.8
2021-01-05,51.2375
2021-01-06,51.6425
2021-01-07,51.5325
2021-01-08,52.58
2021-01-11,52.6025
2021-01-12,52.65
2021-01-13,52.56
2021-01-14,53.27
2021-01-15,52.9425
2021-01-18,53.4425
2021-01-19,53.69
2021-01-20,54.4425
2021-01-21,54.2275
2021-01-22,53.9
2021-01-25,54.0525
2021-01-26,53.55
2021-01-27,52.8125
2021-01-28,52.5
2021-01-29,51.73
2021-02-01,52.75
2021-02-02,53.9675
2021-02-03,54.155
2021-02-04,53.97
2021-02-05,54.1925
2021-02-08,54.485
2021-02-09,54.6525
2021-02-10,54.9
2021-02-11,55.63
2021-02-12,55.5
2021-02-15,55.745
2021-02-16,55.36
2021-02-17,55.405
2021-02-18,54.165
2021-02-19,54.7475
2021-02-22,53.05
2021-02-23,52.56
2021-02-24,52.375
2021-02-25,52.225
2021-02-26,51.3125
2021-03-01,52.6075
2021-03-02,52.05
2021-03-03,52.3325
2021-03-04,51.8275
2021-03-05,51.135
2021-03-08,50.9725
2021-03-09,51.3125
2021-03-10,51.105
2021-03-11,52.425
2021-03-12,51.5825
2021-03-15,51.5225
2021-03-16,51.975
2021-03-17,51.495
2021-03-18,51.4075
2021-03-19,51.5525
2021-03-22,51.6075
2021-03-23,51.3875
2021-03-24,50.5275
2021-03-25,50.22
2021-03-26,50.3625
2021-03-29,50.7525
2021-03-30,51.35
2021-03-31,51.185
2021-04-01,51.6525
2021-04-06,51.9325
2021-04-07,51.4125
2021-04-08,52.035
2021-04-09,51.47
2021-04-12,51.0275
2021-04-13,51.255
2021-04-14,51.4825
2021-04-15,51.6825
2021-04-16,51.8875
2021-04-19,51.08
2021-04-20,50.765
2021-04-21,51.02
2021-04-22,51.655
2021-04-23,52.0725
2021-04-26,51.9675
2021-04-27,51.9575
2021-04-28,52.255
2021-04-29,51.9375
2021-04-30,51.865
2021-05-04,50.7325
2021-05-05,51.13
2021-05-06,51.525
2021-05-07,51.84
2021-05-10,50.375
2021-05-11,49.8875
2021-05-12,49.155
2021-05-13,49.26
2021-05-14,49.63
2021-05-17,49.61
2021-05-18,50.2675
2021-05-19,49.965
2021-05-20,50.3375
2021-05-21,50.215
